1,2,Wed,0,-1.43,2.12,13643
1,2,Wed,1,0.15,0.75,13611
1,2,Wed,1,0.55,0.8,26262
1,2,Wed,0,-0.36,0.52,22879
1,2,Wed,1,0.78,0.97,18540
1,2,Wed,0,-0.5,0.64,10107
1,3,Thu,1,0.48,0.6,9381
1,3,Thu,0,-0.18,0.37,8862
1,3,Thu,1,1.07,1.22,20268
1,3,Thu,1,0.05,0.73,21804
1,3,Thu,0,-0.13,0.45,17619
1,3,Thu,1,0.01,0.46,15513
1,4,Fri,0,-0.3,0.66,14252
1,4,Fri,0,-0.1,0.28,11545
1,4,Fri,0,-0.38,0.81,22426
1,4,Fri,1,0.43,1.19,23819
1,4,Fri,0,-0.62,0.76,20569
1,4,Fri,0,-0.05,0.31,8782
1,7,Mon,1,0.62,0.85,14255
1,7,Mon,1,0.61,1.1,14635
1,7,Mon,0,-0.35,0.66,19515
1,7,Mon,1,0.1,0.44,19678
1,7,Mon,0,-0.12,0.39,18291
1,7,Mon,1,0.11,0.66,10873
1,8,Tue,0,-0.17,0.82,15689
1,8,Tue,1,0.5,0.72,14779
1,8,Tue,1,0.03,0.31,18733
1,8,Tue,1,0.45,0.82,20402
1,8,Tue,1,0.16,0.76,19618
1,8,Tue,1,0.62,0.68,11605
1,9,Wed,0,-0.88,1.03,15099
1,9,Wed,0,-0.09,0.39,13137
1,9,Wed,0,-0.04,0.6,20393
1,9,Wed,0,-0.06,0.56,21851
1,9,Wed,0,-0.14,0.6,21213
1,9,Wed,0,-0.33,0.6,11528
1,10,Thu,1,0.03,0.38,15189
1,10,Thu,0,-0.24,0.3,12381
1,10,Thu,0,-0.17,0.45,20979
1,10,Thu,0,-0.43,0.68,23835
1,10,Thu,0,-0.65,0.81,22190
1,10,Thu,0,-1.29,1.64,16959
1,11,Fri,1,0.07,1.03,16750
1,11,Fri,1,0.1,0.46,13938
1,11,Fri,1,0.21,0.85,22104
1,11,Fri,0,-0.55,1.2,23028
1,11,Fri,1,0.11,0.76,21799
1,11,Fri,0,-0.03,0.23,8745
1,14,Mon,0,-0.17,0.53,13252
1,14,Mon,0,-0.06,0.31,11965
1,14,Mon,1,0.78,0.9,21202
1,14,Mon,1,0.66,0.85,22217
1,14,Mon,0,-0.46,0.84,20477
1,14,Mon,0,-0.19,0.39,12647
1,15,Tue,1,0.49,0.84,13985
1,15,Tue,1,0.71,0.9,17593
1,15,Tue,1,0.01,0.53,24474
1,15,Tue,1,0.11,0.99,25690
1,15,Tue,1,0.06,0.57,21822
1,15,Tue,0,-0.21,0.45,12670
1,16,Wed,1,0.82,1.2,16228
1,16,Wed,1,0.11,0.68,17000
1,16,Wed,1,0.15,1.21,25054
1,16,Wed,1,0.33,1.17,24561
1,16,Wed,0,-0.55,0.75,22134
1,16,Wed,1,0.08,0.47,9699
1,17,Thu,1,0.23,0.82,14393
1,17,Thu,0,-0.35,1.17,18252
1,17,Thu,0,-1.3,1.63,25309
1,17,Thu,1,0.38,0.99,25488
1,17,Thu,0,-1.07,1.36,24696
1,17,Thu,0,-0.11,0.61,15099
1,18,Fri,1,0.44,0.97,16315
1,18,Fri,0,-0.54,0.64,17133
1,18,Fri,1,0.81,1.15,25193
1,18,Fri,1,0.11,0.58,23535
1,18,Fri,1,0.19,0.57,21364
1,18,Fri,0,-0.03,0.24,9046
1,21,Mon,1,0.49,1.19,15091
1,21,Mon,1,0.26,0.51,12741
1,21,Mon,1,0.02,0.7,20998
1,21,Mon,0,-0.12,0.34,16753
1,21,Mon,1,0.23,0.51,17937
1,21,Mon,0,-0.2,0.53,11958
1,22,Tue,1,0.66,0.85,14384
1,22,Tue,0,-0.0,1.81,22054
1,22,Tue,1,0.97,1.84,27712
1,22,Tue,0,-0.28,0.67,23514
1,22,Tue,1,0.16,0.53,21356
1,22,Tue,1,0.17,0.52,10362
1,23,Wed,1,0.21,0.67,12720
1,23,Wed,1,0.84,0.96,17716
1,23,Wed,0,-0.54,1.18,24937
1,23,Wed,0,-0.57,0.76,23536
1,23,Wed,1,0.3,0.75,20578
1,23,Wed,1,0.19,0.48,11371
1,24,Thu,0,-0.67,1.05,14226
1,24,Thu,0,-0.66,1.0,17065
1,24,Thu,0,-0.39,0.8,23608
1,24,Thu,1,0.11,0.56,22210
1,24,Thu,0,-0.2,0.58,22317
1,24,Thu,0,-0.83,0.99,13562
1,25,Fri,0,-0.18,0.62,15256
1,25,Fri,1,0.19,0.38,14024
1,25,Fri,0,-0.34,0.97,24547
1,25,Fri,0,-0.78,1.23,24871
1,25,Fri,0,-0.13,0.49,19238
1,25,Fri,1,0.42,0.53,9102
1,28,Mon,1,0.12,0.78,14650
1,28,Mon,1,0.49,0.73,13117
1,28,Mon,1,0.48,0.75,22940
1,28,Mon,1,0.04,0.92,23331
1,28,Mon,1,0.16,0.52,20099
1,28,Mon,1,0.17,0.44,9955
1,29,Tue,0,-0.32,0.72,14414
1,29,Tue,1,0.09,0.53,15063
1,29,Tue,1,0.27,0.48,22662
1,29,Tue,0,-0.62,1.01,23357
1,29,Tue,0,-0.08,0.57,20325
1,29,Tue,0,-0.09,0.32,10759
1,30,Wed,0,-0.29,0.48,11669
1,30,Wed,1,0.05,0.37,12841
1,30,Wed,0,-0.75,0.87,25253
1,30,Wed,1,0.22,0.87,23555
1,30,Wed,0,-0.09,0.32,19518
1,30,Wed,1,0.01,0.42,14993
1,31,Thu,1,0.25,0.5,13313
1,31,Thu,1,0.0,0.56,15374
1,31,Thu,0,-0.19,0.71,22478
1,31,Thu,0,-0.37,0.68,21399
1,31,Thu,0,-0.71,1.04,22098
1,31,Thu,0,-0.62,0.74,13750
2,1,Fri,0,-0.08,0.36,14652
2,1,Fri,0,-0.83,0.94,16481
2,1,Fri,1,0.47,0.79,24083
2,1,Fri,1,0.8,1.12,25209
2,1,Fri,0,-0.35,0.81,24304
2,1,Fri,0,-0.19,0.6,10953
2,4,Mon,1,0.29,0.66,13619
2,4,Mon,1,0.0,0.36,12573
2,4,Mon,0,-0.51,1.26,24431
2,4,Mon,0,-0.11,0.63,23679
2,4,Mon,1,0.5,0.71,23365
2,4,Mon,1,0.56,0.89,13509
2,5,Tue,0,-0.36,0.8,14022
2,5,Tue,1,0.23,0.58,14509
2,5,Tue,0,-1.4,2.02,26475
2,5,Tue,1,0.03,1.08,26047
2,5,Tue,1,0.46,0.9,23474
2,5,Tue,0,-0.67,0.77,14248
2,6,Wed,0,-0.1,0.71,15611
2,6,Wed,0,-0.08,0.61,16750
2,6,Wed,1,0.09,0.58,24618
2,6,Wed,1,0.55,1.02,25267
2,6,Wed,1,0.12,0.7,22172
2,6,Wed,0,-0.31,0.64,12355
2,7,Thu,1,0.29,0.62,13753
2,7,Thu,0,-0.45,0.78,13559
2,7,Thu,0,-0.93,1.62,24863
2,7,Thu,1,0.6,1.03,26187
2,7,Thu,1,0.15,1.06,24784
2,7,Thu,0,-0.44,0.62,13554
2,8,Fri,1,0.34,0.46,13713
2,8,Fri,1,0.19,0.56,13789
2,8,Fri,1,0.97,1.67,28479
2,8,Fri,0,-0.83,1.13,26842
2,8,Fri,0,-0.11,0.7,20730
2,8,Fri,1,0.24,0.5,7775
2,11,Mon,1,0.03,0.45,10041
2,11,Mon,0,-0.14,0.36,11368
2,11,Mon,0,-0.39,0.84,23986
2,11,Mon,1,0.41,0.56,23132
2,11,Mon,0,-0.22,0.66,19927
2,11,Mon,0,-1.0,1.67,16850
2,12,Tue,0,-0.08,0.43,12897
2,12,Tue,1,0.27,0.8,15422
2,12,Tue,1,0.2,1.12,25561
2,12,Tue,1,1.34,1.82,25064
2,12,Tue,0,-0.59,1.25,23901
2,12,Tue,1,0.18,0.54,13346
2,13,Wed,1,0.11,0.41,12210
2,13,Wed,1,0.3,0.59,16370
2,13,Wed,1,0.18,0.98,23840
2,13,Wed,0,-0.12,0.62,25692
2,13,Wed,1,0.35,0.77,20927
2,13,Wed,1,0.5,0.66,11724
2,14,Thu,0,-0.4,0.7,13404
2,14,Thu,1,0.06,0.4,14545
2,14,Thu,1,0.44,0.61,24519
2,14,Thu,1,0.41,0.76,25058
2,14,Thu,1,0.28,0.64,22029
2,14,Thu,1,0.14,0.57,13771
2,15,Fri,0,-0.07,0.68,15476
2,15,Fri,1,0.03,0.92,19466
2,15,Fri,1,0.5,1.24,24328
2,15,Fri,0,-1.34,1.56,24330
2,15,Fri,0,-0.34,0.87,19664
2,15,Fri,1,0.14,0.4,10434
2,18,Mon,0,-0.41,0.84,15699
2,18,Mon,1,0.2,0.45,12195
2,18,Mon,1,0.13,0.66,20632
2,18,Mon,1,0.01,0.41,16502
2,18,Mon,1,0.16,0.34,14353
2,18,Mon,1,0.02,0.19,10268
2,19,Tue,1,0.25,0.55,12656
2,19,Tue,1,0.01,0.33,11348
2,19,Tue,1,0.14,0.56,18961
2,19,Tue,0,-0.06,0.5,17446
2,19,Tue,1,0.91,1.03,18283
2,19,Tue,0,-0.29,0.55,9790
2,20,Wed,0,-0.1,0.56,13939
2,20,Wed,1,0.29,0.7,13462
2,20,Wed,1,1.06,1.42,20567
2,20,Wed,0,-0.29,0.62,21420
2,20,Wed,1,0.17,0.55,19097
2,20,Wed,1,0.38,0.96,14813
2,21,Thu,1,0.18,0.49,12414
2,21,Thu,1,0.6,1.26,16088
2,21,Thu,1,0.24,0.85,24224
2,21,Thu,0,-0.08,0.88,23759
2,21,Thu,0,-0.07,0.62,20468
2,21,Thu,1,0.08,0.48,11789
2,22,Fri,0,-0.14,0.76,14055
2,22,Fri,0,-0.67,1.11,14518
2,22,Fri,1,0.37,0.54,20983
2,22,Fri,0,-0.25,0.77,21827
2,22,Fri,0,-0.01,0.47,18657
2,22,Fri,1,0.85,0.98,9767
2,25,Mon,1,0.02,0.41,15974
2,25,Mon,0,-0.34,0.59,12074
2,25,Mon,1,0.58,0.76,20944
2,25,Mon,0,-0.08,0.6,22363
2,25,Mon,1,1.42,1.59,24390
2,25,Mon,1,1.0,3.06,24761
2,26,Tue,0,-0.59,0.9,18305
2,26,Tue,1,0.94,1.09,19334
2,26,Tue,0,-0.41,1.47,24699
2,26,Tue,1,0.12,1.12,24032
2,26,Tue,1,0.67,2.25,26427
2,26,Tue,0,-0.07,0.31,13445
2,27,Wed,1,0.22,1.15,15162
2,27,Wed,1,0.48,0.85,16263
2,27,Wed,0,-0.42,0.74,22724
2,27,Wed,1,0.14,0.86,22875
2,27,Wed,0,-0.32,0.66,22115
2,27,Wed,0,-0.74,0.92,15853
2,28,Thu,0,-0.32,0.75,15341
2,28,Thu,0,-0.05,0.45,13156
2,28,Thu,1,0.28,1.0,21269
2,28,Thu,0,-0.21,0.62,21635
2,28,Thu,0,-0.63,1.08,21039
2,28,Thu,1,0.23,0.48,12929
3,1,Fri,0,-0.05,0.42,11996
3,1,Fri,1,0.16,0.49,11183
3,1,Fri,1,0.69,1.45,21692
3,1,Fri,1,0.34,0.78,23758
3,1,Fri,0,-1.21,1.65,24345
3,1,Fri,0,-0.2,0.3,8701
3,4,Mon,1,0.35,0.66,2021
3,4,Mon,0,-0.08,0.39,1790
3,4,Mon,0,-0.39,0.74,2335
3,4,Mon,0,-0.07,0.48,2499
3,4,Mon,0,-0.12,0.59,2074
3,4,Mon,0,-0.44,0.58,2104
3,5,Tue,1,0.14,0.36,2330
3,5,Tue,1,0.38,0.61,2310
3,5,Tue,0,-0.43,0.8,2861
3,5,Tue,1,0.04,0.31,2445
3,5,Tue,1,0.1,0.52,2114
3,5,Tue,0,-0.11,0.33,2308
3,6,Wed,1,0.16,0.37,2221
3,6,Wed,0,-0.03,0.18,2059
3,6,Wed,1,0.1,0.56,2695
3,6,Wed,0,-0.0,0.3,5005
3,6,Wed,0,-0.24,0.51,11479
3,6,Wed,1,0.38,0.95,8718
3,7,Thu,0,-0.1,0.27,7674
3,7,Thu,1,0.01,0.31,6351
3,7,Thu,0,-0.26,0.72,12955
3,7,Thu,0,-1.0,1.33,16825
3,7,Thu,0,-0.49,0.85,12982
3,7,Thu,1,0.16,0.41,5889
3,8,Fri,0,-0.53,0.59,8453
3,8,Fri,1,0.19,0.43,6978
3,8,Fri,0,-1.0,1.1,9332
3,8,Fri,1,0.26,1.25,11515
3,8,Fri,1,0.45,1.12,8697
3,8,Fri,0,-0.09,0.36,4078
3,11,Mon,0,-0.24,0.46,6849
3,11,Mon,1,0.19,0.33,5264
3,11,Mon,1,0.43,0.61,8889
3,11,Mon,0,-0.25,0.44,8883
3,11,Mon,0,-0.51,0.58,8890
3,11,Mon,0,-0.33,0.58,6658
3,12,Tue,1,0.08,0.4,7729
3,12,Tue,1,0.45,0.63,6843
3,12,Tue,1,1.01,1.71,14893
3,12,Tue,0,-0.31,0.9,14432
3,12,Tue,0,-0.17,0.75,12362
3,12,Tue,1,0.15,0.41,5815
3,13,Wed,0,-0.34,0.62,8200
3,13,Wed,1,0.03,0.52,7906
3,13,Wed,1,0.01,0.89,14457
3,13,Wed,0,-0.26,0.77,15655
3,13,Wed,1,0.08,0.44,10352
3,13,Wed,1,0.03,0.29,5041
3,14,Thu,1,0.03,0.42,7647
3,14,Thu,0,-0.2,0.29,6167
3,14,Thu,0,-0.51,0.82,13389
3,14,Thu,0,-0.47,0.74,15143
3,14,Thu,0,-0.41,0.56,14775
3,14,Thu,0,-0.04,0.23,5462
3,15,Fri,0,-0.09,0.39,8352
3,15,Fri,0,-0.1,0.34,7064
3,15,Fri,0,-0.58,0.89,13686
3,15,Fri,1,1.26,1.42,16424
3,15,Fri,1,0.5,0.76,13942
3,15,Fri,0,-0.09,0.32,3612
3,18,Mon,1,0.4,0.84,11887
3,18,Mon,1,0.27,0.79,8468
3,18,Mon,0,-0.85,1.46,16248
3,18,Mon,0,-0.19,0.63,13117
3,18,Mon,0,-0.34,1.01,13100
3,18,Mon,1,0.13,0.66,7042
3,19,Tue,0,-0.6,0.81,7862
3,19,Tue,1,0.25,0.6,6511
3,19,Tue,1,0.29,0.71,12959
3,19,Tue,1,0.43,1.08,14169
3,19,Tue,0,-0.02,0.68,16936
3,19,Tue,1,0.2,0.5,8623
3,20,Wed,1,0.0,0.31,6026
3,20,Wed,0,-0.19,0.39,5481
3,20,Wed,0,-0.8,1.28,16472
3,20,Wed,0,-0.51,1.18,17022
3,20,Wed,0,-0.05,0.94,14418
3,20,Wed,0,-0.02,0.38,8382
3,21,Thu,0,-0.13,0.45,7959
3,21,Thu,1,0.45,0.59,7212
3,21,Thu,0,-0.12,1.09,17581
3,21,Thu,1,0.56,1.23,17159
3,21,Thu,1,0.19,1.3,14687
3,21,Thu,0,-0.21,0.44,8065
3,22,Fri,1,0.17,0.33,7581
3,22,Fri,1,0.18,0.65,7419
3,22,Fri,1,0.17,1.0,15037
3,22,Fri,0,-0.44,0.83,15276
3,22,Fri,1,0.37,0.91,13576
3,22,Fri,0,-0.05,0.3,4329
3,25,Mon,0,-0.49,0.62,11542
3,25,Mon,1,0.22,0.4,6412
3,25,Mon,1,0.3,0.68,12327
3,25,Mon,1,0.62,1.24,15115
3,25,Mon,1,0.74,1.73,17445
3,25,Mon,0,-0.23,0.28,7127
3,26,Tue,0,-0.05,0.88,9722
3,26,Tue,0,-0.16,0.41,6338
3,26,Tue,1,0.19,0.79,13632
3,26,Tue,1,0.07,0.68,15636
3,26,Tue,0,-0.28,0.56,12132
3,26,Tue,0,-0.25,0.38,5226
3,27,Wed,0,-0.12,0.37,7139
3,27,Wed,1,0.01,0.34,6481
3,27,Wed,1,0.98,1.12,14174
3,27,Wed,1,0.19,0.59,15591
3,27,Wed,0,-0.34,0.51,11321
3,27,Wed,1,0.04,0.28,5687
3,28,Thu,1,0.41,0.6,8366
3,28,Thu,0,-0.28,0.46,6893
3,28,Thu,1,0.17,0.72,14471
3,28,Thu,0,-0.34,0.51,14046
3,28,Thu,0,-0.17,0.41,11394
3,28,Thu,0,-0.26,0.32,6666
3,29,Fri,1,0.16,0.35,8616
3,29,Fri,1,0.11,0.47,6729
3,29,Fri,0,-0.02,0.43,6848
3,29,Fri,0,-0.08,0.25,5420
3,29,Fri,0,-0.07,0.22,7890
3,29,Fri,0,-0.09,0.2,4203
4,1,Mon,1,0.58,0.8,8022
4,1,Mon,1,0.07,0.34,7351
4,1,Mon,1,0.41,0.86,7962
4,1,Mon,0,-0.15,0.45,6479
4,1,Mon,1,0.15,0.5,8203
4,1,Mon,1,0.26,0.6,4799
4,2,Tue,1,0.11,0.5,7534
4,2,Tue,1,0.56,0.69,7694
4,2,Tue,0,-0.45,0.68,12838
4,2,Tue,1,0.42,0.79,11553
4,2,Tue,1,0.12,0.48,9464
4,2,Tue,1,0.15,0.25,4997
4,3,Wed,0,-0.21,0.43,6404
4,3,Wed,1,0.11,0.28,5464
4,3,Wed,0,-0.24,0.64,10946
4,3,Wed,1,0.49,0.66,11794
4,3,Wed,1,0.32,0.48,11276
4,3,Wed,0,-0.29,0.42,6235
4,4,Thu,1,0.13,0.51,6458
4,4,Thu,0,-2.21,2.62,12140
4,4,Thu,0,-0.8,1.3,17061
4,4,Thu,0,-1.31,1.46,15928
4,4,Thu,0,-1.36,1.45,13522
4,4,Thu,0,-0.36,0.5,8129
4,5,Fri,0,-0.71,1.15,9880
4,5,Fri,1,0.72,1.42,13135
4,5,Fri,1,0.28,0.8,15028
4,5,Fri,0,-1.49,2.12,17107
4,5,Fri,0,-1.24,1.34,15740
4,5,Fri,0,-0.36,0.92,8722
4,8,Mon,0,-0.33,1.42,13476
4,8,Mon,0,-0.01,0.47,9230
4,8,Mon,0,-0.09,0.96,16258
4,8,Mon,1,0.16,0.59,14018
4,8,Mon,0,-0.47,0.71,13817
4,8,Mon,0,-0.49,0.63,8486
4,9,Tue,1,0.07,0.71,11502
4,9,Tue,1,0.44,0.7,9641
4,9,Tue,0,-0.16,1.05,16608
4,9,Tue,1,0.14,0.37,12426
4,9,Tue,0,-0.73,1.19,14498
4,9,Tue,1,0.17,0.84,8971
4,10,Wed,1,0.23,0.54,8114
4,10,Wed,0,-0.21,0.35,7776
4,10,Wed,0,-0.34,0.78,13710
4,10,Wed,0,-0.23,1.33,15339
4,10,Wed,0,-0.35,0.63,12209
4,10,Wed,0,-0.15,0.32,7344
4,11,Thu,1,0.32,0.46,7764
4,11,Thu,0,-0.12,0.54,7853
4,11,Thu,0,-0.28,0.65,12767
4,11,Thu,1,0.47,1.03,15794
4,11,Thu,0,-1.17,1.22,13403
4,11,Thu,1,0.22,0.62,7231
4,12,Fri,1,0.22,0.32,7720
4,12,Fri,1,0.14,0.48,7766
4,12,Fri,1,0.85,1.4,14810
4,12,Fri,1,0.12,0.63,14504
4,12,Fri,1,0.19,0.68,12308
4,12,Fri,1,1.13,1.48,8059
4,15,Mon,0,-0.5,0.95,10679
4,15,Mon,1,1.09,1.87,13025
4,15,Mon,1,0.2,0.89,14408
4,15,Mon,1,0.04,0.71,14992
4,15,Mon,1,0.41,0.9,14164
4,15,Mon,1,1.89,3.16,18067
4,16,Tue,0,-0.45,1.03,13683
4,16,Tue,0,-0.8,1.61,12223
4,16,Tue,0,-0.85,1.13,17202
4,16,Tue,0,-0.3,0.71,15613
4,16,Tue,0,-0.03,0.87,15532
4,16,Tue,0,-0.13,0.56,8628
4,17,Wed,0,-0.73,1.27,11402
4,17,Wed,1,0.06,0.6,9161
4,17,Wed,1,1.21,1.43,15658
4,17,Wed,1,0.54,1.02,17030
4,17,Wed,1,0.32,1.23,18974
4,17,Wed,0,-0.91,1.16,11229
4,18,Thu,1,0.43,1.05,10561
4,18,Thu,0,-0.17,0.95,12031
4,18,Thu,0,-0.55,1.05,15741
4,18,Thu,1,0.15,0.65,14593
4,18,Thu,0,-0.17,0.92,15913
4,18,Thu,0,-0.0,0.53,8967
4,19,Fri,0,-0.16,0.49,7410
4,19,Fri,0,-0.48,0.76,10514
4,19,Fri,0,-1.59,1.82,16520
4,19,Fri,1,0.69,0.93,13369
4,19,Fri,1,0.37,0.93,13203
4,19,Fri,0,-0.3,0.66,8319
4,22,Mon,0,-0.12,0.53,9799
4,22,Mon,1,0.09,0.56,8080
4,22,Mon,0,-0.02,0.56,13322
4,22,Mon,1,0.32,0.6,12323
4,22,Mon,1,0.21,0.9,12505
4,22,Mon,0,-0.32,0.57,7845
4,23,Tue,1,0.36,0.66,7580
4,23,Tue,1,0.76,0.94,11218
4,23,Tue,1,0.4,1.04,15716
4,23,Tue,0,-1.21,1.73,14193
4,23,Tue,0,-0.16,1.44,13810
4,23,Tue,1,0.25,0.46,7431
4,24,Wed,0,-0.13,0.63,8786
4,24,Wed,0,-0.14,0.6,8122
4,24,Wed,0,-0.46,0.75,14739
4,24,Wed,1,0.22,0.72,12916
4,24,Wed,1,0.17,0.45,10665
4,24,Wed,0,-0.2,0.36,7131
4,25,Thu,0,-0.39,0.66,8949
4,25,Thu,1,0.48,0.68,10060
4,25,Thu,0,-1.2,1.97,14219
4,25,Thu,0,-0.55,0.95,13682
4,25,Thu,1,0.2,0.47,11314
4,25,Thu,1,0.1,0.48,7119
4,26,Fri,1,0.04,0.49,8245
4,26,Fri,1,0.99,1.55,13769
4,26,Fri,0,-0.19,0.81,14365
4,26,Fri,1,0.45,1.0,21033
4,26,Fri,1,0.14,0.93,12636
4,26,Fri,1,0.18,0.59,5271
4,29,Mon,1,0.33,0.54,6917
4,29,Mon,0,-0.14,0.63,7780
4,29,Mon,0,-0.44,0.81,12090
4,29,Mon,1,0.16,0.52,11426
4,29,Mon,0,-0.12,0.47,10700
4,29,Mon,1,0.29,0.66,6345
4,30,Tue,0,-0.18,0.47,7321
4,30,Tue,1,0.22,0.37,7743
4,30,Tue,1,0.41,0.56,13221
4,30,Tue,0,-0.09,0.85,13056
4,30,Tue,0,-0.3,1.05,13747
4,30,Tue,1,0.27,0.36,6087
5,1,Wed,1,0.16,0.48,7435
5,1,Wed,0,-0.19,0.38,5734
5,1,Wed,0,-0.65,0.97,9158
5,1,Wed,1,0.59,0.78,11845
5,1,Wed,0,-0.07,0.55,10534
5,1,Wed,1,0.1,0.71,10358
5,2,Thu,0,-0.1,0.47,8110
5,2,Thu,1,0.23,0.57,6999
5,2,Thu,0,-0.23,0.44,12120
5,2,Thu,0,-0.62,2.05,16619
5,2,Thu,0,-0.25,0.5,12124
5,2,Thu,1,0.21,0.38,6626
5,3,Fri,0,-0.18,0.26,4842
5,3,Fri,1,0.08,0.24,4484
5,3,Fri,0,-0.45,0.59,12454
5,3,Fri,0,-1.68,2.18,15716
5,3,Fri,1,0.08,0.73,12931
5,3,Fri,1,0.1,0.29,5282
5,6,Mon,0,-0.08,0.28,5712
5,6,Mon,1,0.01,0.15,4170
5,6,Mon,0,-0.18,0.4,9522
5,6,Mon,1,0.31,0.42,7806
5,6,Mon,0,-0.26,0.39,7828
5,6,Mon,1,0.18,0.29,5414
5,7,Tue,1,0.52,0.84,8945
5,7,Tue,0,-0.13,0.49,8162
5,7,Tue,0,-0.06,0.41,10467
5,7,Tue,1,0.2,0.46,12041
5,7,Tue,1,0.44,0.89,11449
5,7,Tue,1,0.18,0.25,5680
5,8,Wed,0,-0.26,0.76,8872
5,8,Wed,1,0.32,0.47,6428
5,8,Wed,0,-0.17,0.54,12463
5,8,Wed,0,-0.12,0.66,13325
5,8,Wed,0,-0.3,0.76,10769
5,8,Wed,0,-0.01,0.34,6850
5,9,Thu,1,0.15,0.28,6833
5,9,Thu,1,0.25,0.38,6356
5,9,Thu,0,-0.29,0.62,11379
5,9,Thu,0,-0.31,0.5,13812
5,9,Thu,0,-1.51,1.9,13566
5,9,Thu,1,0.01,0.74,14636
5,10,Fri,0,-0.71,0.97,11531
5,10,Fri,1,0.21,0.43,9425
5,10,Fri,1,0.07,0.76,16140
5,10,Fri,0,-0.4,0.86,16584
5,10,Fri,1,0.35,0.82,15207
5,10,Fri,0,-0.1,0.47,5538
5,13,Mon,0,-0.08,0.49,10621
5,13,Mon,1,0.29,0.48,9041
5,13,Mon,0,-0.09,0.46,13040
5,13,Mon,1,0.11,0.75,13454
5,13,Mon,1,0.24,0.77,12407
5,13,Mon,1,0.09,0.34,7216
5,14,Tue,1,0.21,0.49,9155
5,14,Tue,1,0.24,0.51,9030
5,14,Tue,0,-0.13,0.63,13008
5,14,Tue,1,0.08,0.47,13113
5,14,Tue,0,-0.5,0.99,15629
5,14,Tue,1,0.17,0.29,9141
5,15,Wed,1,0.01,0.28,9410
5,15,Wed,0,-0.03,0.29,8356
5,15,Wed,0,-0.64,0.97,14717
5,15,Wed,1,0.68,1.03,16771
5,15,Wed,1,0.0,0.5,13932
5,15,Wed,0,-0.04,0.43,8752
5,16,Thu,1,0.16,0.5,9649
5,16,Thu,0,-0.28,0.48,9049
5,16,Thu,0,-0.42,0.76,12456
5,16,Thu,1,0.07,0.58,14121
5,16,Thu,1,0.02,0.66,15129
5,16,Thu,1,0.0,0.5,10980
5,17,Fri,1,0.1,0.28,9745
5,17,Fri,1,0.01,0.21,7773
5,17,Fri,0,-0.03,0.39,12226
5,17,Fri,1,0.03,0.62,14541
5,17,Fri,0,-0.31,0.67,13928
5,17,Fri,0,-0.19,0.4,7561
5,20,Mon,0,-0.11,0.37,11202
5,20,Mon,0,-0.01,0.27,9515
5,20,Mon,1,0.13,0.37,11730
5,20,Mon,1,0.05,0.45,12409
5,20,Mon,0,-0.13,0.44,12578
5,20,Mon,0,-0.02,0.44,9618
5,21,Tue,0,-0.36,0.62,10847
5,21,Tue,1,0.03,0.22,8740
5,21,Tue,1,0.59,0.81,12804
5,21,Tue,1,0.21,0.42,14124
5,21,Tue,1,0.09,0.47,15162
5,21,Tue,1,0.16,0.29,7118
5,22,Wed,0,-0.16,0.4,9009
5,22,Wed,1,0.1,0.33,8833
5,22,Wed,1,0.22,0.71,14357
5,22,Wed,0,-0.48,0.6,14653
5,22,Wed,0,-0.06,0.7,22933
5,22,Wed,1,0.53,1.24,17827
5,23,Thu,0,-0.15,0.56,14777
5,23,Thu,1,1.78,1.96,23153
5,23,Thu,1,0.91,1.75,30993
5,23,Thu,0,-0.58,1.06,24048
5,23,Thu,0,-0.63,1.49,16960
5,23,Thu,0,-0.28,0.5,11109
5,24,Fri,0,-0.28,0.83,13128
5,24,Fri,1,0.67,1.68,19820
5,24,Fri,1,0.14,1.18,21481
5,24,Fri,1,0.81,1.34,25155
5,24,Fri,1,0.09,0.7,19984
5,24,Fri,0,-0.46,0.97,8338
5,27,Mon,1,0.45,0.74,15588
5,27,Mon,0,-0.15,0.39,10772
5,27,Mon,1,0.16,0.51,13441
5,27,Mon,1,0.12,0.34,8638
5,27,Mon,0,-0.03,0.2,7924
5,27,Mon,0,-0.1,0.39,8997
5,28,Tue,0,-0.81,1.04,16137
5,28,Tue,0,-0.44,0.62,15631
5,28,Tue,0,-0.23,0.6,19538
5,28,Tue,0,-0.33,0.55,18373
5,28,Tue,1,0.88,1.1,22055
5,28,Tue,0,-0.11,0.56,14666
5,29,Wed,1,0.32,0.76,15809
5,29,Wed,0,-0.09,0.44,14188
5,29,Wed,1,0.44,0.8,23312
5,29,Wed,1,0.19,0.88,25914
5,29,Wed,1,0.14,0.83,23096
5,29,Wed,0,-0.22,0.45,12400
5,30,Thu,0,-0.28,1.22,17270
5,30,Thu,1,0.37,0.79,17958
5,30,Thu,0,-0.17,0.88,21704
5,30,Thu,0,-0.36,1.14,27370
5,30,Thu,0,-0.15,0.63,21635
5,30,Thu,1,0.04,0.48,12461
5,31,Fri,0,-0.37,0.74,16137
5,31,Fri,1,0.37,0.5,13904
5,31,Fri,1,0.66,1.39,24525
5,31,Fri,0,-0.26,0.77,23876
5,31,Fri,0,-0.01,0.54,22260
5,31,Fri,1,0.51,0.78,13179
6,3,Mon,0,-0.18,0.49,12883
6,3,Mon,1,0.26,0.55,13616
6,3,Mon,0,-0.33,0.55,21218
6,3,Mon,1,0.58,0.78,19916
6,3,Mon,1,0.38,0.67,24257
6,3,Mon,0,-0.21,0.51,12739
6,4,Tue,0,-0.36,0.62,15209
6,4,Tue,0,-0.3,0.58,14070
6,4,Tue,0,-0.31,0.84,20954
6,4,Tue,0,-0.01,0.74,20973
6,4,Tue,1,0.28,0.48,19415
6,4,Tue,0,-0.19,0.39,11358
6,5,Wed,0,-0.05,0.36,13033
6,5,Wed,1,0.61,1.36,20733
6,5,Wed,0,-0.28,1.08,22155
6,5,Wed,1,0.18,0.68,21827
6,5,Wed,0,-0.12,0.59,22968
6,5,Wed,1,0.14,0.45,12171
6,6,Thu,0,-0.17,0.71,10949
6,6,Thu,0,-0.09,0.45,14936
6,6,Thu,0,-0.25,0.77,18932
6,6,Thu,0,-0.4,0.83,18945
6,6,Thu,1,2.59,3.22,28590
6,6,Thu,0,-0.37,0.96,18751
6,7,Fri,0,-0.5,0.82,15244
6,7,Fri,1,1.47,2.64,24111
6,7,Fri,1,0.09,1.51,26265
6,7,Fri,1,0.38,2.16,26572
6,7,Fri,0,-1.6,2.34,28468
6,7,Fri,0,-0.29,0.52,13322
6,10,Mon,0,-0.27,1.09,13654
6,10,Mon,0,-0.36,0.66,14848
6,10,Mon,0,-0.68,0.85,18096
6,10,Mon,0,-0.18,0.82,18363
6,10,Mon,0,-0.26,0.81,25096
6,10,Mon,0,-0.1,0.43,12587
6,11,Tue,1,0.06,0.67,11060
6,11,Tue,1,0.69,1.46,19733
6,11,Tue,1,1.18,1.59,23417
6,11,Tue,1,0.83,1.73,25335
6,11,Tue,0,-0.11,0.71,25941
6,11,Tue,1,0.9,1.81,19815
6,12,Wed,0,-0.53,0.82,12314
6,12,Wed,0,-0.24,0.57,13621
6,12,Wed,0,-0.58,1.16,21040
6,12,Wed,1,0.31,0.92,18538
6,12,Wed,1,1.34,2.06,27870
6,12,Wed,0,-0.65,0.98,16424
6,13,Thu,1,1.15,1.26,12455
6,13,Thu,1,0.87,1.19,21376
6,13,Thu,1,0.75,1.46,24705
6,13,Thu,0,-0.28,0.87,22132
6,13,Thu,0,-0.23,1.16,26371
6,13,Thu,0,-1.62,1.92,19161
6,14,Fri,1,1.26,2.02,19458
6,14,Fri,0,-0.09,0.94,17818
6,14,Fri,1,0.75,1.06,22076
6,14,Fri,0,-0.58,0.9,21291
6,14,Fri,1,1.13,1.94,25189
6,14,Fri,1,0.18,0.77,9477
6,17,Mon,0,-0.8,0.93,13469
6,17,Mon,0,-0.08,0.37,10946
6,17,Mon,0,-0.23,0.58,16200
6,17,Mon,0,-0.09,0.6,17649
6,17,Mon,1,0.04,0.57,16289
6,17,Mon,1,0.34,1.07,15281
6,18,Tue,0,-0.05,0.79,13391
6,18,Tue,1,0.07,0.34,10440
6,18,Tue,0,-0.53,1.01,19604
6,18,Tue,1,0.29,0.73,21429
6,18,Tue,1,0.01,0.69,18329
6,18,Tue,0,-0.17,0.41,10349
6,19,Wed,0,-0.05,0.44,11300
6,19,Wed,1,0.21,0.52,13429
6,19,Wed,1,0.67,0.86,18381
6,19,Wed,0,-0.47,0.69,16163
6,19,Wed,0,-0.54,0.78,14863
6,19,Wed,1,0.21,1.72,22834
6,20,Thu,1,0.05,0.84,18982
6,20,Thu,0,-0.71,0.97,17390
6,20,Thu,0,-1.6,2.09,27706
6,20,Thu,1,0.02,0.65,25348
6,20,Thu,0,-0.31,0.8,23954
6,20,Thu,1,0.83,1.38,16795
6,21,Fri,1,0.37,0.74,17070
6,21,Fri,0,-0.88,1.19,16952
6,21,Fri,1,0.45,1.27,21801
6,21,Fri,1,0.31,0.71,22391
6,21,Fri,0,-0.05,1.27,25060
6,21,Fri,0,-0.21,0.37,8903
6,24,Mon,0,-0.39,0.8,16351
6,24,Mon,0,-0.04,0.66,16045
6,24,Mon,1,0.95,1.26,22402
6,24,Mon,1,0.37,1.17,25016
6,24,Mon,0,-0.96,1.34,22813
6,24,Mon,1,0.01,0.42,12752
6,25,Tue,0,-0.49,0.91,13260
6,25,Tue,1,0.65,1.23,17727
6,25,Tue,1,0.51,1.18,23185
6,25,Tue,0,-0.66,0.85,22108
6,25,Tue,1,0.1,0.52,18469
6,25,Tue,0,-0.4,0.5,8455
6,26,Wed,1,0.2,0.56,14475
6,26,Wed,1,0.46,0.65,15632
6,26,Wed,1,0.66,0.81,20754
6,26,Wed,0,-0.16,0.62,21210
6,26,Wed,1,0.41,0.78,18319
6,26,Wed,0,-0.18,0.49,10388
6,27,Thu,0,-0.03,0.37,7782
6,27,Thu,0,-0.24,0.39,11929
6,27,Thu,0,-0.01,0.76,17776
6,27,Thu,0,-0.01,0.78,16732
6,27,Thu,1,0.18,0.45,20499
6,27,Thu,0,-0.3,0.4,10134
6,28,Fri,0,-0.3,0.47,8893
6,28,Fri,0,-0.59,0.92,15066
6,28,Fri,0,-0.0,0.44,17736
6,28,Fri,0,-0.09,0.4,18099
6,28,Fri,1,0.21,0.56,23356
6,28,Fri,1,0.06,0.35,10163
7,1,Mon,0,-0.23,0.56,13065
7,1,Mon,0,-0.3,0.49,11211
7,1,Mon,0,-0.31,0.67,17402
7,1,Mon,0,-0.12,0.41,14585
7,1,Mon,1,0.23,0.49,15698
7,1,Mon,1,0.03,0.25,7124
7,2,Tue,1,0.16,0.3,9373
7,2,Tue,0,-0.39,0.5,10711
7,2,Tue,1,0.19,0.71,17065
7,2,Tue,0,-0.46,0.87,18706
7,2,Tue,0,-0.47,0.65,17092
7,2,Tue,1,0.1,0.5,9216
7,3,Wed,1,0.21,0.58,12496
7,3,Wed,0,-0.24,0.44,11421
7,3,Wed,1,0.41,1.52,23080
7,3,Wed,0,-0.04,0.84,21390
7,3,Wed,0,-0.56,1.19,17650
7,3,Wed,1,0.0,0.29,7452
7,4,Thu,1,0.31,0.57,11415
7,4,Thu,1,0.11,0.3,10240
7,4,Thu,1,0.47,0.56,15174
7,4,Thu,1,0.97,1.92,21031
7,4,Thu,1,0.04,0.33,12277
7,4,Thu,0,-0.07,0.43,4881
7,5,Fri,0,-0.2,0.5,13455
7,5,Fri,1,0.12,0.4,8934
7,5,Fri,1,1.22,1.41,18680
7,5,Fri,0,-0.51,1.13,23186
7,5,Fri,0,-0.42,0.68,16819
7,5,Fri,1,0.08,0.32,6627
7,8,Mon,1,0.14,0.54,12259
7,8,Mon,0,0.0,0.39,11287
7,8,Mon,0,-0.24,0.86,17034
7,8,Mon,0,-0.07,0.36,16672
7,8,Mon,1,0.05,0.34,14525
7,8,Mon,0,-0.03,0.41,7550
7,9,Tue,0,-0.31,0.48,12586
7,9,Tue,0,-0.34,0.65,12166
7,9,Tue,1,0.94,1.17,19416
7,9,Tue,1,0.01,0.35,17170
7,9,Tue,1,0.49,0.73,17761
7,9,Tue,0,-0.24,0.5,8117
7,10,Wed,0,-0.03,0.26,8761
7,10,Wed,1,0.62,0.89,15224
7,10,Wed,1,0.65,1.09,20045
7,10,Wed,0,-0.77,0.84,16967
7,10,Wed,0,-0.05,0.5,15968
7,10,Wed,0,-0.05,1.14,20047
7,11,Thu,0,-0.03,1.35,24695
7,11,Thu,1,0.53,1.13,22561
7,11,Thu,0,-0.55,0.97,22172
7,11,Thu,1,0.28,0.72,20985
7,11,Thu,0,-0.56,1.21,19293
7,11,Thu,0,-0.11,0.74,13082
7,12,Fri,0,-0.06,0.9,12363
7,12,Fri,1,0.09,0.35,9775
7,12,Fri,1,0.29,0.42,14059
7,12,Fri,1,0.44,0.99,19857
7,12,Fri,0,-0.57,0.93,16104
7,12,Fri,1,0.36,0.38,5629
7,15,Mon,1,0.09,0.34,5909
7,15,Mon,0,-0.06,0.47,5721
7,15,Mon,0,-0.29,0.61,13678
7,15,Mon,0,-0.48,0.97,20562
7,15,Mon,1,0.03,0.32,13967
7,15,Mon,0,-0.18,0.35,7877
7,16,Tue,1,0.18,0.39,10070
7,16,Tue,0,-0.21,0.33,9224
7,16,Tue,1,0.82,1.31,18406
7,16,Tue,0,-0.03,0.6,21117
7,16,Tue,1,0.13,0.52,15334
7,16,Tue,0,-0.17,0.29,9091
7,17,Wed,0,-0.18,0.52,9967
7,17,Wed,1,0.28,0.36,8733
7,17,Wed,0,-1.31,2.12,19010
7,17,Wed,1,0.15,1.06,20454
7,17,Wed,0,-0.17,0.5,20340
7,17,Wed,0,-0.09,0.28,7110
7,18,Thu,0,-0.21,0.45,9913
7,18,Thu,0,-0.19,0.49,11455
7,18,Thu,0,-0.47,0.59,18141
7,18,Thu,0,-0.19,0.33,18326
7,18,Thu,0,-0.44,0.5,16856
7,18,Thu,0,-0.07,0.36,8745
7,19,Fri,1,0.25,0.79,13291
7,19,Fri,1,0.46,0.79,15610
7,19,Fri,0,-0.69,1.01,17653
7,19,Fri,1,0.2,0.38,16914
7,19,Fri,0,-0.22,0.45,13186
7,19,Fri,0,-0.37,0.72,6380
7,22,Mon,1,0.48,1.23,14657
7,22,Mon,0,-0.05,0.37,11265
7,22,Mon,0,-0.37,0.52,15342
7,22,Mon,1,0.21,0.47,16764
7,22,Mon,1,0.04,0.42,14659
7,22,Mon,0,-0.08,0.34,6200
7,23,Tue,0,-0.04,0.73,11830
7,23,Tue,1,0.17,0.36,11741
7,23,Tue,0,-0.54,0.76,17326
7,23,Tue,1,0.03,0.38,17265
7,23,Tue,1,0.32,0.48,15714
7,23,Tue,1,0.1,0.43,8210
7,24,Wed,0,-0.2,0.35,10828
7,24,Wed,0,-0.16,0.36,10562
7,24,Wed,0,-0.28,0.68,17835
7,24,Wed,0,-0.24,0.59,15701
7,24,Wed,1,0.33,0.6,18915
7,24,Wed,0,-0.07,0.29,8102
7,25,Thu,1,0.27,0.52,11120
7,25,Thu,0,-0.07,0.38,10320
7,25,Thu,1,0.66,1.18,19968
7,25,Thu,0,-0.23,0.67,19792
7,25,Thu,1,0.05,0.42,16359
7,25,Thu,1,0.18,0.7,14841
7,26,Fri,1,0.11,0.42,12242
7,26,Fri,1,0.59,0.88,14712
7,26,Fri,1,0.05,0.53,17638
7,26,Fri,1,0.89,0.99,18443
7,26,Fri,1,0.18,0.43,16674
7,26,Fri,0,-0.24,0.36,6249
7,29,Mon,1,0.62,0.69,12816
7,29,Mon,1,0.07,0.49,13206
7,29,Mon,1,0.02,0.61,17560
7,29,Mon,1,0.13,0.37,16013
7,29,Mon,1,0.29,0.59,14852
7,29,Mon,0,-0.15,0.38,6847
7,30,Tue,0,-0.25,0.5,10427
7,30,Tue,0,-0.28,0.59,12810
7,30,Tue,1,0.76,0.9,16648
7,30,Tue,0,-0.03,0.38,17020
7,30,Tue,1,0.66,0.84,15382
7,30,Tue,0,-0.02,0.2,6517
7,31,Wed,0,-0.05,0.4,10797
7,31,Wed,1,0.33,0.33,11388
7,31,Wed,1,0.5,0.63,19035
7,31,Wed,0,-0.31,0.85,20656
7,31,Wed,0,-0.17,0.65,15732
7,31,Wed,1,0.49,0.57,15575
8,1,Thu,0,-0.13,0.57,11078
8,1,Thu,0,-0.49,0.52,10743
8,1,Thu,0,-0.69,0.99,16617
8,1,Thu,0,-0.53,0.88,21408
8,1,Thu,0,-0.01,0.52,17671
8,1,Thu,1,0.05,0.21,8385
8,2,Fri,0,-0.03,0.38,10762
8,2,Fri,0,-0.16,0.42,11116
8,2,Fri,0,-0.54,0.73,16197
8,2,Fri,0,-0.05,0.84,21671
8,2,Fri,0,-0.05,0.7,17295
8,2,Fri,0,-0.02,0.44,6073
8,5,Mon,1,0.23,0.45,10434
8,5,Mon,1,0.37,0.51,9362
8,5,Mon,0,-0.53,1.04,18768
8,5,Mon,0,-0.06,0.33,15364
8,5,Mon,1,0.0,0.54,13635
8,5,Mon,1,0.39,0.52,6972
8,6,Tue,1,0.4,0.52,10116
8,6,Tue,0,-0.51,0.74,13493
8,6,Tue,1,0.26,0.75,16083
8,6,Tue,1,0.05,0.42,15793
8,6,Tue,1,0.57,0.77,16395
8,6,Tue,1,0.06,0.28,7308
8,7,Wed,1,0.91,1.27,14105
8,7,Wed,1,0.37,0.61,11831
8,7,Wed,0,-0.01,1.5,21826
8,7,Wed,0,-1.1,1.93,23313
8,7,Wed,1,0.24,0.53,17034
8,7,Wed,1,0.37,0.47,9081
8,8,Thu,0,-0.35,0.87,12349
8,8,Thu,1,0.44,0.94,13723
8,8,Thu,0,-0.05,0.64,18449
8,8,Thu,0,-0.0,0.5,15790
8,8,Thu,0,-0.61,0.8,17743
8,8,Thu,0,-0.24,0.55,8168
8,9,Fri,1,0.01,0.68,11842
8,9,Fri,0,-0.12,0.61,9979
8,9,Fri,1,0.05,0.44,14455
8,9,Fri,1,0.54,0.89,15686
8,9,Fri,1,0.1,0.53,14257
8,9,Fri,1,0.46,0.51,5988
8,12,Mon,0,-0.09,0.66,10458
8,12,Mon,0,-0.14,0.41,10959
8,12,Mon,0,-0.23,0.52,14473
8,12,Mon,1,0.22,0.4,13990
8,12,Mon,1,0.19,0.34,11807
8,12,Mon,0,-0.78,0.91,7733
8,13,Tue,0,-0.18,0.49,11983
8,13,Tue,0,-0.39,0.66,10064
8,13,Tue,0,-0.73,1.06,18801
8,13,Tue,0,-0.06,0.41,18423
8,13,Tue,0,-0.26,0.69,16171
8,13,Tue,0,-0.01,0.27,6881
8,14,Wed,1,0.18,0.3,8427
8,14,Wed,0,-0.4,0.84,11663
8,14,Wed,1,0.04,1.03,18383
8,14,Wed,0,-0.44,0.72,16579
8,14,Wed,1,0.14,0.44,14013
8,14,Wed,1,0.29,0.36,6996
8,15,Thu,0,-0.27,0.84,11731
8,15,Thu,1,0.64,0.74,14100
8,15,Thu,0,-1.02,1.1,16239
8,15,Thu,0,-0.22,0.65,19904
8,15,Thu,1,0.49,0.8,21096
8,15,Thu,1,0.21,0.57,14119
8,16,Fri,0,-0.08,0.63,10187
8,16,Fri,0,-0.22,0.68,11561
8,16,Fri,1,0.11,0.64,15227
8,16,Fri,1,0.11,0.5,15553
8,16,Fri,0,-0.32,0.5,15580
8,16,Fri,1,0.17,0.33,6559
8,19,Mon,1,0.22,0.67,10652
8,19,Mon,0,-0.17,0.29,9174
8,19,Mon,0,-0.53,0.75,15053
8,19,Mon,0,-0.38,0.42,17820
8,19,Mon,1,0.52,0.68,13092
8,19,Mon,1,0.17,0.38,6997
8,20,Tue,0,-0.22,0.46,8482
8,20,Tue,1,0.75,0.81,11619
8,20,Tue,0,-0.32,0.99,20565
8,20,Tue,1,0.35,0.72,19633
8,20,Tue,0,-0.28,0.6,14421
8,20,Tue,1,0.04,0.24,6622
8,21,Wed,1,0.16,0.62,10276
8,21,Wed,0,-0.54,0.83,12506
8,21,Wed,0,-0.05,0.57,16810
8,21,Wed,0,-0.34,0.61,15271
8,21,Wed,1,0.08,0.29,13461
8,21,Wed,1,0.13,0.87,16023
8,22,Thu,0,-0.5,0.91,12989
8,22,Thu,1,0.29,0.54,10256
8,22,Thu,0,-0.43,0.7,18179
8,22,Thu,0,-0.08,0.29,16195
8,22,Thu,0,-0.12,0.46,14892
8,22,Thu,0,-0.11,0.46,7824
8,23,Fri,0,-0.42,0.61,10808
8,23,Fri,1,0.16,0.43,8789
8,23,Fri,0,-0.33,0.56,16307
8,23,Fri,1,0.56,0.67,16396
8,23,Fri,1,0.2,0.47,15056
8,23,Fri,1,0.03,0.28,4957
8,26,Mon,0,-0.09,0.38,8093
8,26,Mon,1,0.19,0.36,7451
8,26,Mon,0,-0.04,0.32,9552
8,26,Mon,1,0.19,0.43,12312
8,26,Mon,0,-0.25,0.41,9614
8,26,Mon,1,0.27,0.44,5889
8,27,Tue,1,0.51,0.68,11003
8,27,Tue,1,0.03,0.47,9042
8,27,Tue,1,1.17,1.31,18280
8,27,Tue,1,0.25,1.0,18739
8,27,Tue,1,0.55,0.81,17348
8,27,Tue,1,0.01,0.28,9098
8,28,Wed,0,-0.15,0.68,10755
8,28,Wed,1,0.08,0.66,12759
8,28,Wed,0,-0.13,0.64,16924
8,28,Wed,0,-0.41,1.21,20090
8,28,Wed,0,-0.25,0.53,14620
8,28,Wed,1,0.01,0.25,6270
8,29,Thu,1,0.08,0.41,9366
8,29,Thu,0,-0.18,0.38,10639
8,29,Thu,0,-0.47,0.69,17578
8,29,Thu,0,-0.18,0.6,17443
8,29,Thu,1,0.2,0.42,14135
8,29,Thu,0,-0.19,0.29,7261
8,30,Fri,1,0.06,0.38,9865
8,30,Fri,1,0.03,0.4,9726
8,30,Fri,1,0.4,0.57,15411
8,30,Fri,0,-0.23,0.44,14063
8,30,Fri,1,0.17,0.53,14925
8,30,Fri,0,-0.05,0.28,6372
9,2,Mon,0,-0.64,0.81,10655
9,2,Mon,0,-0.08,0.52,9876
9,2,Mon,0,-1.36,1.63,16913
9,2,Mon,1,0.26,0.32,9719
9,2,Mon,1,0.09,0.36,9997
9,2,Mon,0,-0.17,0.23,4752
9,3,Tue,0,-0.27,0.55,10576
9,3,Tue,1,0.01,0.38,9528
9,3,Tue,0,-0.02,0.98,15431
9,3,Tue,1,0.05,0.43,13145
9,3,Tue,1,0.14,0.69,15243
9,3,Tue,0,-0.33,0.52,6788
9,4,Wed,1,0.04,0.35,8444
9,4,Wed,0,-0.35,0.52,8810
9,4,Wed,0,-0.27,0.53,14572
9,4,Wed,1,0.16,0.63,14209
9,4,Wed,0,-0.55,0.68,12329
9,4,Wed,1,0.03,0.32,6926
9,5,Thu,1,0.22,0.36,8254
9,5,Thu,0,-0.19,0.4,10214
9,5,Thu,0,-0.15,0.71,14450
9,5,Thu,1,0.05,0.66,16212
9,5,Thu,0,-0.12,0.34,12246
9,5,Thu,0,-0.1,0.22,5720
9,6,Fri,1,0.49,0.67,8414
9,6,Fri,0,-0.01,0.38,7568
9,6,Fri,1,0.37,0.64,10951
9,6,Fri,1,0.92,1.17,13221
9,6,Fri,0,-0.53,0.79,11504
9,6,Fri,1,0.05,0.44,6719
9,9,Mon,1,0.09,0.84,12010
9,9,Mon,0,-0.08,0.53,8532
9,9,Mon,1,0.07,0.47,12591
9,9,Mon,0,-0.34,0.34,11655
9,9,Mon,0,-0.25,0.49,11851
9,9,Mon,1,0.11,0.22,5307
9,10,Tue,1,0.02,0.41,8162
9,10,Tue,0,-0.12,0.35,8521
9,10,Tue,0,-0.8,0.84,15079
9,10,Tue,0,-0.51,0.59,14028
9,10,Tue,0,-0.16,0.36,12435
9,10,Tue,0,-0.03,0.28,5947
9,11,Wed,1,0.19,0.63,8951
9,11,Wed,0,-0.19,0.49,9704
9,11,Wed,0,-0.07,0.98,14073
9,11,Wed,1,0.05,0.39,12790
9,11,Wed,0,-0.22,0.52,14114
9,11,Wed,0,-0.03,0.34,7293
9,12,Thu,1,0.75,0.89,10452
9,12,Thu,1,0.12,0.41,10109
9,12,Thu,1,0.15,0.41,14205
9,12,Thu,1,0.04,0.43,13277
9,12,Thu,0,-0.0,0.44,13048
9,12,Thu,0,-0.15,0.35,6860
9,13,Fri,0,-0.3,0.46,9941
9,13,Fri,0,-0.14,0.49,9637
9,13,Fri,1,0.14,0.33,11642
9,13,Fri,0,-0.14,0.47,13115
9,13,Fri,1,0.12,0.51,11086
9,13,Fri,0,-0.13,0.32,4517
9,16,Mon,0,-0.18,0.6,10008
9,16,Mon,0,-0.17,0.33,4784
9,16,Mon,1,0.41,0.45,12134
9,16,Mon,0,-0.11,0.3,11795
9,16,Mon,1,0.02,0.35,10924
9,16,Mon,0,-0.03,0.28,7205
9,17,Tue,0,-0.21,0.42,7570
9,17,Tue,1,0.02,0.26,7886
9,17,Tue,1,0.09,0.66,13593
9,17,Tue,0,-0.23,0.48,11625
9,17,Tue,1,0.05,0.44,10196
9,17,Tue,1,0.16,0.31,5209
9,18,Wed,0,-0.14,0.31,6344
9,18,Wed,0,-0.05,0.15,6241
9,18,Wed,0,-0.17,0.57,13220
9,18,Wed,1,0.09,0.31,11396
9,18,Wed,0,-0.02,0.39,11585
9,18,Wed,0,-0.39,1.04,16285
9,19,Thu,0,-0.07,0.34,11791
9,19,Thu,0,-0.15,0.44,10869
9,19,Thu,0,-0.42,1.03,16912
9,19,Thu,0,-0.75,0.98,14306
9,19,Thu,1,0.61,0.84,14389
9,19,Thu,0,-0.16,0.52,6710
9,20,Fri,0,-0.15,0.37,8015
9,20,Fri,1,0.14,0.39,7198
9,20,Fri,1,0.04,0.5,12231
9,20,Fri,1,0.02,0.51,13706
9,20,Fri,1,0.11,0.31,12251
9,20,Fri,1,0.26,0.29,4878
9,23,Mon,0,-0.05,0.29,5970
9,23,Mon,0,-0.02,0.19,4804
9,23,Mon,1,0.19,0.35,11966
9,23,Mon,1,0.09,0.29,12759
9,23,Mon,0,-0.01,0.55,11438
9,23,Mon,1,0.15,0.37,5628
9,24,Tue,1,0.3,0.39,6849
9,24,Tue,0,-0.38,0.42,7133
9,24,Tue,1,0.6,1.0,13309
9,24,Tue,1,0.05,0.77,13678
9,24,Tue,0,-0.49,1.2,12685
9,24,Tue,1,0.42,0.47,6685
9,25,Wed,1,0.16,0.41,6942
9,25,Wed,1,0.12,0.26,6901
9,25,Wed,0,-0.13,0.6,13455
9,25,Wed,0,-0.83,0.86,13232
9,25,Wed,1,0.26,0.5,12202
9,25,Wed,1,0.14,0.24,6846
9,26,Thu,0,-0.03,0.33,7545
9,26,Thu,0,-0.8,0.96,12576
9,26,Thu,1,0.78,1.11,14049
9,26,Thu,0,-0.25,0.66,11666
9,26,Thu,1,0.08,0.53,12215
9,26,Thu,0,-0.23,0.49,6678
9,27,Fri,1,0.08,0.33,6740
9,27,Fri,0,-0.18,0.83,9766
9,27,Fri,1,0.31,0.53,13350
9,27,Fri,1,0.11,0.4,13159
9,27,Fri,0,-0.01,0.39,11760
9,27,Fri,0,-0.07,0.37,5828
9,30,Mon,0,-0.14,0.43,11650
9,30,Mon,0,-0.19,0.56,8883
9,30,Mon,1,0.14,0.55,12871
9,30,Mon,1,0.31,0.7,14871
9,30,Mon,0,-1.39,1.76,14601
9,30,Mon,1,0.14,0.35,8368
10,1,Tue,0,-0.52,0.54,8781
10,1,Tue,1,0.24,0.73,13603
10,1,Tue,1,0.39,0.76,16429
10,1,Tue,0,-0.22,0.58,13594
10,1,Tue,1,0.21,0.55,13302
10,1,Tue,1,0.17,0.43,7427
10,2,Wed,1,0.4,0.64,8579
10,2,Wed,1,0.29,0.48,10529
10,2,Wed,0,-0.09,0.77,15224
10,2,Wed,1,0.18,0.64,14838
10,2,Wed,0,-0.07,0.42,12423
10,2,Wed,0,-0.05,0.2,6925
10,3,Thu,0,-0.26,0.64,9573
10,3,Thu,0,-0.23,0.42,9568
10,3,Thu,0,-0.13,0.52,13307
10,3,Thu,1,0.93,0.93,12593
10,3,Thu,1,0.53,1.04,16121
10,3,Thu,1,0.1,0.28,7435
10,4,Fri,0,-0.03,0.51,9332
10,4,Fri,1,0.18,0.39,10023
10,4,Fri,1,0.85,0.95,14272
10,4,Fri,1,0.17,0.48,13260
10,4,Fri,0,-0.22,0.41,12394
10,4,Fri,1,0.12,0.31,5580
10,7,Mon,1,0.17,0.41,13089
10,7,Mon,1,0.01,0.19,7848
10,7,Mon,0,-0.01,0.47,12519
10,7,Mon,0,-0.05,0.37,12040
10,7,Mon,0,-0.2,0.39,11726
10,7,Mon,1,0.41,0.62,7479
10,8,Tue,0,-0.06,0.36,9244
10,8,Tue,0,-0.44,0.64,10480
10,8,Tue,1,0.14,0.77,12598
10,8,Tue,0,-0.51,0.76,12447
10,8,Tue,1,0.62,0.86,13378
10,8,Tue,1,0.02,0.35,7547
10,9,Wed,0,-0.44,0.64,9661
10,9,Wed,0,-0.2,0.31,9971
10,9,Wed,1,0.86,1.04,13583
10,9,Wed,1,0.52,0.63,13562
10,9,Wed,0,-0.17,0.5,12503
10,9,Wed,0,-0.11,0.31,9347
10,10,Thu,0,-0.28,0.43,9354
10,10,Thu,0,-0.22,0.35,9774
10,10,Thu,0,-0.09,0.44,12101
10,10,Thu,0,-0.51,0.65,13576
10,10,Thu,0,-0.33,0.46,12280
10,10,Thu,0,-0.19,0.36,7865
10,11,Fri,0,-0.36,0.93,11031
10,11,Fri,0,-0.04,0.3,8820
10,11,Fri,1,0.14,0.41,11664
10,11,Fri,1,0.25,0.48,11015
10,11,Fri,0,-0.12,0.42,11650
10,11,Fri,0,-0.07,0.19,5400
10,14,Mon,0,-0.17,0.24,5984
10,14,Mon,0,-0.05,0.12,3442
10,14,Mon,1,0.12,0.27,7663
10,14,Mon,0,-0.2,0.25,8796
10,14,Mon,0,-0.13,0.34,8776
10,14,Mon,0,-0.35,0.45,6589
10,15,Tue,1,0.24,0.52,7791
10,15,Tue,1,0.09,0.27,6559
10,15,Tue,1,0.11,0.45,12545
10,15,Tue,1,0.06,0.36,13545
10,15,Tue,0,-0.2,0.51,13113
10,15,Tue,1,0.29,0.66,10060
10,16,Wed,0,-0.25,0.71,10730
10,16,Wed,1,0.04,0.33,8771
10,16,Wed,0,-0.42,0.64,12357
10,16,Wed,0,-0.18,0.46,12659
10,16,Wed,1,0.55,0.79,16471
10,16,Wed,0,-0.25,0.35,7428
10,17,Thu,0,-0.02,0.27,9186
10,17,Thu,1,0.21,0.49,9875
10,17,Thu,0,-0.19,0.64,16767
10,17,Thu,0,-0.27,0.64,15607
10,17,Thu,0,-0.25,0.46,12483
10,17,Thu,0,-0.06,0.29,6600
10,18,Fri,0,-0.16,0.31,8242
10,18,Fri,1,0.05,0.27,7039
10,18,Fri,0,-0.01,0.45,13208
10,18,Fri,1,0.05,0.33,13255
10,18,Fri,1,0.05,0.26,9998
10,18,Fri,1,0.24,0.31,4441
10,21,Mon,1,0.08,0.35,7631
10,21,Mon,0,-0.22,0.32,6436
10,21,Mon,0,-0.09,0.3,10785
10,21,Mon,1,0.08,0.23,10983
10,21,Mon,0,-0.01,0.24,9139
10,21,Mon,1,0.07,0.17,5139
10,22,Tue,0,-0.0,0.26,6025
10,22,Tue,0,-0.04,0.19,6288
10,22,Tue,0,-0.14,0.27,9346
10,22,Tue,0,-0.68,1.03,13590
10,22,Tue,1,0.1,0.49,13249
10,22,Tue,1,0.04,0.17,6083
10,23,Wed,0,-0.01,0.23,6898
10,23,Wed,1,1.37,1.47,13337
10,23,Wed,1,0.81,0.97,16549
10,23,Wed,0,-0.23,0.65,13908
10,23,Wed,0,-0.08,0.35,12589
10,23,Wed,1,0.04,0.2,5670
10,24,Thu,0,-0.35,0.53,9051
10,24,Thu,0,-0.42,0.61,9169
10,24,Thu,1,0.62,0.76,14702
10,24,Thu,1,0.35,0.59,14304
10,24,Thu,0,-0.66,0.74,13473
10,24,Thu,1,0.12,0.24,6044
10,25,Fri,1,0.13,0.47,8607
10,25,Fri,0,-0.07,0.58,11510
10,25,Fri,1,0.15,0.5,14660
10,25,Fri,0,-0.06,0.27,14022
10,25,Fri,1,0.11,0.34,12027
10,25,Fri,0,-0.02,0.19,4443
10,28,Mon,0,-0.17,0.31,7558
10,28,Mon,0,-0.02,0.18,6389
10,28,Mon,0,-0.3,0.45,11212
10,28,Mon,1,0.41,0.48,13392
10,28,Mon,0,-0.01,0.27,10255
10,28,Mon,1,0.19,0.25,4969
10,29,Tue,1,0.65,0.91,9977
10,29,Tue,0,-0.15,0.43,8836
10,29,Tue,1,0.08,0.32,12119
10,29,Tue,0,-0.37,0.57,15856
10,29,Tue,0,-0.02,0.31,13532
10,29,Tue,0,-0.12,0.18,5638
10,30,Wed,1,0.17,0.27,8717
10,30,Wed,0,-0.17,0.37,7274
10,30,Wed,0,-0.32,0.35,12301
10,30,Wed,1,0.05,0.29,12767
10,30,Wed,0,-0.05,0.45,13737
10,30,Wed,0,-0.0,0.35,7467
10,31,Thu,0,-0.0,0.21,8599
10,31,Thu,1,0.45,0.54,9257
10,31,Thu,1,0.12,0.43,13962
10,31,Thu,0,-0.47,0.64,16526
10,31,Thu,0,-0.04,0.52,13638
10,31,Thu,1,0.06,0.25,6228
11,1,Fri,1,0.43,0.51,9013
11,1,Fri,1,0.26,0.63,9968
11,1,Fri,0,-0.1,0.41,14056
11,1,Fri,0,-0.28,0.72,15352
11,1,Fri,1,0.2,0.39,11607
11,1,Fri,1,0.2,0.26,3133
11,4,Mon,0,-0.15,0.28,5521
11,4,Mon,1,0.05,0.2,4559
11,4,Mon,0,-0.25,0.44,8261
11,4,Mon,1,0.13,0.31,8966
11,4,Mon,0,-0.03,0.26,8498
11,4,Mon,0,-0.02,0.25,6167
11,5,Tue,1,0.45,0.61,7957
11,5,Tue,0,-0.08,0.39,7842
11,5,Tue,0,-0.64,1.14,14323
11,5,Tue,0,-0.02,0.3,12753
11,5,Tue,0,-0.4,0.5,12022
11,5,Tue,1,0.05,0.24,6654
11,6,Wed,0,-0.16,0.39,6282
11,6,Wed,0,-0.34,0.65,8477
11,6,Wed,0,-0.17,0.58,9583
11,6,Wed,0,-0.19,0.41,11342
11,6,Wed,1,0.23,0.5,11171
11,6,Wed,1,0.11,0.19,6189
11,7,Thu,1,0.11,0.35,7720
11,7,Thu,0,-0.09,0.22,6454
11,7,Thu,0,-0.08,0.33,9479
11,7,Thu,0,-0.35,1.08,16622
11,7,Thu,1,1.49,1.77,18314
11,7,Thu,0,-0.47,0.75,11973
11,8,Fri,0,-0.06,0.4,9563
11,8,Fri,1,0.18,0.41,7621
11,8,Fri,1,0.08,0.41,11754
11,8,Fri,0,-0.26,0.82,15876
11,8,Fri,0,-0.32,0.45,15164
11,8,Fri,0,-0.2,0.45,5847
11,11,Mon,1,0.16,0.31,8703
11,11,Mon,1,0.13,0.15,5440
11,11,Mon,0,-0.07,0.48,12024
11,11,Mon,0,-0.13,0.32,11460
11,11,Mon,1,0.03,0.24,9034
11,11,Mon,1,0.07,0.19,4732
11,12,Tue,0,-0.41,0.65,9816
11,12,Tue,0,-0.08,0.32,8668
11,12,Tue,1,0.62,1.2,15676
11,12,Tue,0,-0.33,0.49,15180
11,12,Tue,1,0.27,0.46,13062
11,12,Tue,1,0.11,0.26,6381
11,13,Wed,1,0.27,0.34,8117
11,13,Wed,0,-0.16,0.32,7545
11,13,Wed,0,-0.58,1.26,13896
11,13,Wed,0,-0.16,0.41,14901
11,13,Wed,0,-0.25,0.41,13649
11,13,Wed,0,-0.01,0.45,9345
11,14,Thu,0,-0.45,0.65,11577
11,14,Thu,0,-0.13,0.27,11309
11,14,Thu,0,-0.25,0.57,15480
11,14,Thu,0,-0.6,0.98,15192
11,14,Thu,0,-0.03,0.37,14841
11,14,Thu,0,-0.01,0.22,6947
11,15,Fri,0,-0.33,0.5,11385
11,15,Fri,1,0.08,0.45,8454
11,15,Fri,0,-0.45,0.54,13029
11,15,Fri,0,-0.02,0.58,14177
11,15,Fri,1,0.0,0.33,10824
11,15,Fri,1,0.03,0.24,4456
11,18,Mon,1,0.11,0.3,7370
11,18,Mon,1,0.15,0.32,8389
11,18,Mon,1,0.23,0.47,12570
11,18,Mon,1,0.01,0.28,12390
11,18,Mon,0,-0.13,0.34,11221
11,18,Mon,1,0.27,0.56,8106
11,19,Tue,1,0.38,0.56,9815
11,19,Tue,0,-0.14,0.3,8263
11,19,Tue,1,0.09,0.61,13819
11,19,Tue,0,-0.41,0.74,13695
11,19,Tue,0,-0.42,0.57,13947
11,19,Tue,1,0.01,0.26,7151
11,20,Wed,1,0.26,0.66,10869
11,20,Wed,0,-0.09,0.32,7230
11,20,Wed,0,-0.04,0.49,14822
11,20,Wed,0,-0.24,0.52,14154
11,20,Wed,1,0.12,0.4,14586
11,20,Wed,1,0.32,0.67,11956
11,21,Thu,0,-0.27,0.68,11247
11,21,Thu,0,-0.66,0.77,11056
11,21,Thu,0,-0.38,0.42,15337
11,21,Thu,0,-0.35,0.5,15400
11,21,Thu,0,-0.39,0.53,13918
11,21,Thu,0,-0.66,0.78,8210
11,22,Fri,0,-0.03,0.35,10517
11,22,Fri,1,0.29,0.52,10769
11,22,Fri,0,-0.28,0.52,13694
11,22,Fri,0,-0.0,0.5,14365
11,22,Fri,0,-0.24,0.47,11138
11,22,Fri,0,-0.14,0.28,4564
11,25,Mon,0,-0.51,0.99,9016
11,25,Mon,0,-0.26,0.37,7530
11,25,Mon,1,0.55,0.64,12294
11,25,Mon,1,0.37,0.67,11797
11,25,Mon,1,0.04,0.34,10483
11,25,Mon,1,0.16,0.51,6272
11,26,Tue,1,0.25,0.45,7283
11,26,Tue,0,-0.19,0.23,5650
11,26,Tue,0,-0.09,0.5,11544
11,26,Tue,0,-0.03,0.53,11095
11,26,Tue,1,0.14,0.44,11319
11,26,Tue,0,-0.19,0.34,5770
11,27,Wed,0,-0.06,0.34,6932
11,27,Wed,0,-0.38,0.65,8029
11,27,Wed,0,-1.19,1.33,13915
11,27,Wed,0,-0.5,0.71,14888
11,27,Wed,1,0.2,0.36,11765
11,27,Wed,0,-0.33,0.44,5624
11,28,Thu,1,0.09,0.56,9178
11,28,Thu,0,-0.3,0.43,7491
11,28,Thu,0,-0.31,0.64,13374
11,28,Thu,0,-0.05,0.42,10832
11,28,Thu,1,0.09,0.23,7826
11,28,Thu,0,-0.08,0.28,5297
11,29,Fri,0,-0.69,0.83,11207
11,29,Fri,1,0.56,0.75,12342
11,29,Fri,1,0.25,0.54,14385
11,29,Fri,0,-0.07,0.34,12877
11,29,Fri,0,-0.59,0.81,12473
11,29,Fri,1,0.05,0.24,4668
12,2,Mon,0,-0.33,0.77,10007
12,2,Mon,1,0.02,0.21,7570
12,2,Mon,0,-0.31,0.74,14944
12,2,Mon,1,0.03,0.45,13862
12,2,Mon,0,-0.28,0.55,13147
12,2,Mon,1,0.35,0.39,6359
12,3,Tue,0,-0.3,0.46,8609
12,3,Tue,0,-0.47,0.52,10330
12,3,Tue,1,0.39,0.72,14825
12,3,Tue,1,0.31,0.78,15174
12,3,Tue,1,0.71,0.95,15457
12,3,Tue,0,-0.16,0.78,10293
12,4,Wed,0,-0.16,0.71,12966
12,4,Wed,0,-0.28,0.4,11656
12,4,Wed,1,0.58,0.83,15343
12,4,Wed,1,0.09,0.5,16703
12,4,Wed,1,0.6,1.06,18630
12,4,Wed,0,-0.57,0.71,9925
12,5,Thu,1,0.12,0.43,10110
12,5,Thu,1,0.19,0.58,12119
12,5,Thu,1,0.5,0.76,15685
12,5,Thu,1,0.16,0.58,17184
12,5,Thu,1,0.62,0.97,17503
12,5,Thu,0,-0.28,0.37,9388
12,6,Fri,0,-0.0,0.58,10418
12,6,Fri,0,-0.44,0.52,10812
12,6,Fri,0,-0.31,0.59,12432
12,6,Fri,0,-1.05,1.29,15512
12,6,Fri,0,-0.03,0.4,14997
12,6,Fri,0,-0.05,0.21,6374
12,9,Mon,1,0.31,0.61,9568
12,9,Mon,0,-0.2,0.42,7124
12,9,Mon,0,-0.38,0.52,13021
12,9,Mon,0,-0.02,0.33,11790
12,9,Mon,0,-0.74,0.78,13802
12,9,Mon,1,0.01,0.23,7408
12,10,Tue,0,-0.19,0.4,8825
12,10,Tue,0,-0.24,0.27,8097
12,10,Tue,1,0.37,0.69,13816
12,10,Tue,1,0.78,0.85,14285
12,10,Tue,1,0.0,0.48,13055
12,10,Tue,0,-0.3,0.4,6993
12,11,Wed,1,0.22,0.45,7931
12,11,Wed,1,0.16,0.36,9557
12,11,Wed,1,0.71,0.9,14327
12,11,Wed,1,0.01,0.6,12866
12,11,Wed,0,-0.1,0.65,15671
12,11,Wed,1,0.39,0.58,8322
12,12,Thu,0,-0.09,0.45,9491
12,12,Thu,0,-0.13,0.39,8483
12,12,Thu,0,-0.44,0.92,13388
12,12,Thu,0,-0.05,0.46,14406
12,12,Thu,0,-0.25,0.61,15180
12,12,Thu,0,-0.5,0.66,8551
12,13,Fri,0,-0.03,0.33,10377
12,13,Fri,0,-0.08,0.52,11236
12,13,Fri,1,0.63,0.88,13714
12,13,Fri,1,0.94,1.11,15168
12,13,Fri,0,-0.39,0.61,11883
12,13,Fri,1,0.11,0.48,5293
12,16,Mon,1,0.46,0.75,8873
12,16,Mon,1,0.05,0.4,9684
12,16,Mon,0,-0.47,0.92,13479
12,16,Mon,1,0.19,0.56,13206
12,16,Mon,1,0.07,0.39,12195
12,16,Mon,0,-0.1,0.21,5500
12,17,Tue,0,-0.09,0.26,6098
12,17,Tue,1,0.01,0.24,5976
12,17,Tue,1,0.24,0.49,11057
12,17,Tue,1,0.68,0.69,12422
12,17,Tue,1,0.16,0.6,14382
12,17,Tue,1,0.08,0.22,6319
12,18,Wed,0,-0.75,0.89,9567
12,18,Wed,1,0.0,0.23,6921
12,18,Wed,0,-0.78,0.97,12451
12,18,Wed,0,-0.39,0.61,12502
12,18,Wed,1,0.22,0.75,12932
12,18,Wed,0,-2.4,2.78,17486
12,19,Thu,1,0.63,0.93,12320
12,19,Thu,0,-0.08,0.4,8878
12,19,Thu,0,-0.02,0.4,12076
12,19,Thu,0,-0.09,0.57,14930
12,19,Thu,0,-0.27,0.44,11628
12,19,Thu,1,0.1,0.23,6313
12,20,Fri,0,-0.22,0.32,9408
12,20,Fri,1,0.07,0.44,7987
12,20,Fri,1,0.05,0.45,11565
12,20,Fri,0,-0.06,0.37,12810
12,20,Fri,1,0.55,0.83,12594
12,20,Fri,1,0.2,0.38,5170
12,23,Mon,0,-0.25,0.42,4302
12,23,Mon,0,-0.0,0.14,4186
12,23,Mon,1,0.26,0.38,9291
12,23,Mon,0,-0.1,0.28,10053
12,23,Mon,0,-0.11,0.39,8358
12,23,Mon,0,-0.22,0.41,4859
12,24,Tue,0,-0.29,0.49,7070
12,24,Tue,1,0.24,0.49,6831
12,24,Tue,0,-0.14,0.42,8493
12,24,Tue,0,-0.25,0.34,7493
12,24,Tue,1,0.06,0.18,6852
12,26,Thu,0,-0.04,0.22,6534
12,26,Thu,0,-0.31,0.49,7414
12,26,Thu,1,0.02,0.38,6241
12,26,Thu,0,-0.07,0.19,3914
12,27,Fri,0,-0.22,0.54,7624
12,27,Fri,0,-0.22,0.37,6587
12,27,Fri,0,-0.38,0.54,10297
12,27,Fri,0,-0.59,1.09,12616
12,27,Fri,1,0.11,0.42,9166
12,27,Fri,1,0.0,0.35,4595
12,30,Mon,1,0.08,0.31,6937
12,30,Mon,0,-0.06,0.25,5046
12,30,Mon,1,0.25,0.54,8511
12,30,Mon,0,-0.1,0.4,10615
12,30,Mon,0,-0.09,0.31,9791
12,30,Mon,1,0.26,0.61,4326
12,31,Tue,1,0.45,0.52,5502
12,31,Tue,0,-0.16,0.31,3848
12,31,Tue,0,-0.25,0.92,10056
12,31,Tue,0,-0.32,0.46,9100
12,31,Tue,0,-0.75,1.04,11528
